ABR,Aberdeen Regional Airport,Aberdeen,SD
ABI,Abilene Regional Airport,Abilene,TX
ADK,Adak Airport,Adak Island,AK
GUM,Guam International Airport,Agana,GU
BQN,Aguadilla Airport,Aguadilla,PR
AUK,Alakanuk Airport,Alakanuk,AK
ALM,Alamogordo-White Sands Regional Airport,Alamogordo,NM
ALS,San Luis Valley Regional Airport,Alamosa,CO
ABY,Southwest Georgia Regional Airport,Albany,GA
ALB,Albany International Airport,Albany,NY
ABQ,Albuquerque International Sunport,Albuquerque,NM
AEX,Alexandria International Airport,Alexandria,LA
AXN,Chandler Field Airport,Alexandria,MN
ESF,Esler Regional Airport,Alexandria,LA
ABE,Lehigh Valley International Airport,Allentown,PA
AIA,Alliance Municipal Airport,Alliance,NE
APN,Alpena County Regional Airport,Alpena,MI
ALN,St Louis Regional Airport,Alton-St Louis,IL
AOO,Altoona-Blair County Airport,Altoona,PA
AMA,Amarillo International Airport,Amarillo,TX
AFM,Ambler Airport,Ambler,AK
74S,Anacortes Airport,Anacortes,WA
AKP,Anaktuvuk Pass Airport,Anaktuvuk Pass,AK
ANC,Anchorage International Airport,Anchorage,AK
LHD,Lake Hood Airport,Anchorage,AK
MRI,Merrill Field,Anchorage,AK
AID,Anderson Municipal Airport,Anderson,IN
AND,Anderson Regional Airport,Anderson,SC
LBX,Brazoria County Airport,AngletonLake Jackson,TX
AGN,Angoon Seaplane Base,Angoon,AK
ANI,Aniak Airport,Aniak,AK
ANB,Anniston Municipal Airport,Anniston,AL
ATW,Outagamie County Regional Airport,Appleton,WI
ACV,Arcata Airport,ArcataEureka,CA
AVL,Asheville Regional Airport,Asheville,NC
ASE,Aspen-Pitkin County Airport,Aspen,CO
AST,Astoria Regional Airport,Astoria,OR
AHN,AthensBen Epps Airport,Athens,GA
ATL,Atlanta International Airport,Atlanta,GA
AIY,Atlantic City Municipal AirportBader Field,Atlantic City,NJ
ATK,Atqasuk Edward Burnell Sr Memorial Airport,Atqasuk,AK
AGS,Augusta Regional Airport,Augusta,GA
AUG,Augusta State Airport,Augusta,ME
AUS,Austin-Bergstrom International Airport,Austin,TX
AVP,Wilkes-BarreScranton International Airport,Avoca,PA
BFL,Meadows Field Airport,Bakersfield,CA
BGR,Bangor International Airport,Bangor,ME
BHB,Hancock County-Bar Harbor Airport,Bar Harbor,ME
MPV,Edward F. Knapp State Airport,BarreMontpelier,VT
BRW,Wiley Post-Will Rogers Memorial Airport,Barrow,AK
BTR,Baton Rouge International Airport,Baton Rouge,LA
BTL,W K Kellogg Airport,Battle Creek,MI
BDE,Baudette International Airport,Baudette,MN
BPT,Southeast Texas Regional Airport,Beaumont  Port Arthur,TX
BKW,Raleigh County Memorial Airport,Beckley,WV
BED,Bedford Hanscom Field,Bedford,MA
ACB,BellaireAntrim County Airport,Bellaire,MI
BLV,Midamerica Airport,Belleville,IL
BLI,Bellingham International Airport,Bellingham,WA
BLM,Monmouth Executive Airport,BelmarFarmingdale,NJ
BJI,Bemidji Regional Airport,Bemidji,MN
DDH,William H. Morse State Airport,Bennington,VT
BEH,Southwest Michigan Regional Airport,Benton Harbor,MI
BET,Bethel Airport,Bethel,AK
BIL,Billings Logan International Airport,Billings,MT
BGM,Greater Binghamton Airport,Binghamton,NY
BHM,Birmingham International Airport,Birmingham,AL
BIS,Bismarck Municipal Airport,Bismarck,ND
BID,Block Island State Airport,Block Island,RI
BMG,Monroe County Airport,Bloomington,IN
BMI,Central Illinois Regional Airport,Bloomington,IL
TRI,Tri-Cities Regional Airport,Blountville,TN
BOI,Boise Airport,Boise,ID
BOS,Boston Logan International Airport,Boston,MA
BWG,Bowling Green-Warren County Regional Airport,Bowling Green,KY
BZN,Bozeman Gallatin Field Airport,Bozeman,MT
BFD,Bradford Regional Airport,Bradford,PA
BRD,Brainerd Lakes Regional Airport,Brainerd,MN
PWT,Bremerton National Airport,Bremerton,WA
BDR,Igor I Sikorsky Memorial Airport,Bridgeport,CT
BKX,Brookings Municipal Airport,Brookings,SD
BRO,BrownsvilleSouth Padre Island International Airport,Brownsville,TX
BQK,Brunswick Golden Isles Airport,Brunswick,GA
BCE,Bryce Canyon Airport,Bryce Canyon,UT
BVK,Buckland Airport,Buckland,AK
BUF,Buffalo Niagara International Airport,Buffalo,NY
IFP,LaughlinBullhead International Airport,Bullhead City,AZ
BUR,Burbank Bob Hope Airport,Burbank,CA
BRL,Southeast Iowa Regional Airport,Burlington,IA
BTM,Bert Mooney Airport,Butte,MT
BWI,Baltimore  Washington International Airport,BWI Airport,MD
CDW,Essex County Airport,Caldwell,NJ
CGI,Cape Girardeau Regional Airport,Cape Girardeau,MO
MDH,Southern Illinois Airport,Carbondale  Murphysboro,IL
CNM,Cavern City Air Terminal,Carlsbad,NM
CRQ,Mc Clellan-Palomar Airport,Carlsbad,CA
CPR,Natrona County International Airport,Casper,WY
CDC,Cedar City Regional Airport,Cedar City,UT
CID,Cedar Rapids Eastern Iowa Airport,Cedar Rapids,IA
CMI,Champaign Willard Airport,Champaign,IL
CHS,Charleston International Airport,Charleston,SC
CRW,Charleston Yeager Airport,Charleston,WV
CVX,Charlevoix Municipal Airport,Charlevoix,MI
CLT,CharlotteDouglas International Airport,Charlotte,NC
STT,Cyril E King Airport,Charlotte Amalie,VI
CHO,Charlottesville-Albemarle Airport,Charlottesville,VA
CHA,Chattanooga Metropolitan Airport,Chattanooga,TN
CFK,Chefornak Airport,Chefornak,AK
VAK,Chevak Airport,Chevak,AK
CYS,Cheyenne Regional Airport,Cheyenne,WY
CGX,Merrill C Meigs Field,Chicago,IL
MDW,Chicago Midway Airport,Chicago,IL
ORD,Chicago Ohare International Airport,Chicago,IL
CIC,Chico Municipal Airport,Chico,CA
STX,Henry E Rohlsen Airport,Christiansted,VI
CVG,Cincinnati  Northern Kentucky International Airport,Cincinnati,OH
LUK,Cincinnati Municipal Airport Lunken Field,Cincinnati,OH
CKB,HarrisonMarion Regional Airport,Clarksburg,WV
BKL,Burke Lakefront Airport,Cleveland,OH
CGF,Cuyahoga County Airport,Cleveland,OH
CLE,Cleveland Hopkins International Airport,Cleveland,OH
CWI,Clinton Municipal Airport,Clinton,IA
COD,Yellowstone Regional Airport,Cody,WY
COE,Coeur Dalene Airport,Coeur Dalene,ID
CDB,Cold Bay Airport,Cold Bay,AK
CLL,Easterwood Airport,College Station,TX
COS,Colorado Springs Airport,Colorado Springs,CO
CAE,Columbia Metropolitan Airport,Columbia,SC
COU,Columbia Regional Airport,Columbia,MO
BAK,Columbus Municipal Airport,Columbus,IN
CMH,Port Columbus International Airport,Columbus,OH
CSG,Columbus Metropolitan Airport,Columbus,GA
GTR,Golden Triangle Regional Airport,Columbus,MS
LCK,Rickenbacker International Airport,Columbus,OH
OSU,Ohio State University Airport,Columbus,OH
CCR,Buchanan Field Airport,Concord,CA
CDV,Cordova Municipal Airport,Cordova,AK
CRP,Corpus Christi International Airport,Corpus Christi,TX
CEZ,Cortez Municipal Airport,Cortez,CO
CVO,Corvallis Municipal Airport,Corvallis,OR
CGA,Craig Airport,Craig,AK
CEC,Jack Mc Namara Field Airport,Crescent City,CA
DAL,Dallas Love Field,Dallas,TX
DFW,DallasFort Worth International Airport,Dallas,TX
DXR,Danbury Municipal Airport,Danbury,CT
DAN,Danville Regional Airport,Danville,VA
DNV,Vermilion County Airport,Danville,IL
DAY,Dayton International Airport,Dayton,OH
DAB,Daytona Beach International Airport,Daytona Beach,FL
SCC,Deadhorse Airport,Deadhorse,AK
DEC,Decatur Airport,Decatur,IL
DRT,Del Rio International Airport,Del Rio,TX
BIG,Allen Aaf Airport,Delta Junction Ft Greely,AK
DEN,Denver International Airport,Denver,CO
DSM,Des Moines International Airport,Des Moines,IA
DET,Detroit City Airport,Detroit,MI
DTW,Detroit Metro Airport,Detroit,MI
DVL,Devils Lake Municipal Airport,Devils Lake,ND
DIK,Dickinson - Theodore Roosevelt Regional Airport,Dickinson,ND
DLG,Dillingham Airport,Dillingham,AK
DDC,Dodge City Regional Airport,Dodge City,KS
DHN,Dothan Regional Airport,Dothan,AL
DUJ,Du Bois-Jefferson County Airport,Du Bois,PA
DBQ,Dubuque Regional Airport,Dubuque,IA
DLH,Duluth International Airport,Duluth,MN
DRO,Durango-La Plata County Airport,Durango,CO
EGE,Eagle County Regional Airport,Eagle,CO
ORS,Orcas Island Airport,Eastsound,WA
EAU,Chippewa Valley Regional Airport,Eau Claire,WI
EEK,Eek Airport,Eek,AK
ACY,Atlantic City International Airport,Egg Harbor Township,NJ
ELP,El Paso International Airport,El Paso,TX
ELI,Elim Airport,Elim,AK
EKM,Elkhart Municipal Airport,Elkhart,IN
EKO,Elko Regional Airport,Elko,NV
ELM,Elmira  Corning Regional Airport,Elmira  Corning,NY
ELO,Ely Municipal Airport,Ely,MN
ELY,Ely Airport,Ely,NV
ENM,Emmonak Airport,Emmonak,AK
KEB,English Bay Airport,English Bay,AK
WDG,Woodring Municipal Airport,Enid,OK
ERI,Erie International Airport,Erie,PA
ESC,Delta County Airport,Escanaba,MI
EUG,Eugene Airport,Eugene,OR
EVV,Evansville Regional Airport,Evansville,IN
PAE,Snohomish County Airport (Paine Field),Everett,WA
FAI,Fairbanks International Airport,Fairbanks,AK
FRM,Fairmont Municipal Airport,Fairmont,MN
X95,Diego Jimenez Torres Airport,Fajardo,PR
FAR,Hector International Airport,Fargo,ND
FRG,Republic Airport,Farmingdale,NY
FMN,Four Corners Regional Airport,Farmington,NM
FAY,Fayetteville RegionalGrannis Field Airport,Fayetteville,NC
FYV,Drake Field,Fayetteville,AR
XNA,Northwest Arkansas Regional Airport,Fayetteville  Springdale,AR
FAQ,Fitiuta Airport,Fitiuta,AS
FLG,Flagstaff Pulliam Airport,Flagstaff,AZ
FNT,Bishop International Airport,Flint,MI
FLO,Florence Regional Airport,Florence,SC
FNL,Fort Collins-Loveland Municipal Airport,Fort Collins  Loveland,CO
FOD,Fort Dodge Regional Airport,Fort Dodge,IA
GRK,Killeen-Fort Hood Regional Airport,Fort Hood  Killeen,TX
FHU,Sierra Vista Municipal Airport,Fort Huachuca  Sierra Vista,AZ
FLL,Fort Lauderdale Hollywood International Airport,Fort Lauderdale,FL
TBN,Waynesville Regional Airport At Forney Field,Fort Leonard Wood,MO
RSW,Southwest Florida International Airport,Fort Myers,FL
FSM,Fort Smith Airport,Fort Smith,AR
FWA,Fort Wayne International Airport,Fort Wayne,IN
FTW,Fort Worth Meacham International Airport,Fort Worth,TX
FYU,Fort Yukon Airport,Fort Yukon,AK
FKL,Venango Regional Airport,Franklin,PA
FAT,Fresno Air Terminal,Fresno,CA
FHR,Friday Harbor Airport,Friday Harbor,WA
GNV,Gainesville Regional Airport,Gainesville,FL
GBH,Galbraith Lake Airport,Galbraith Lake,AK
GAL,Edward G. Pitka Sr Airport,Galena,AK
GUP,Gallup Municipal Airport,Gallup,NM
GLS,GalvestonScholes International Airport,Galveston,TX
GAM,Gambell Airport,Gambell,AK
GCK,Garden City Regional Airport,Garden City,KS
GYY,Gary Regional Airport,Gary,IN
GLR,Gaylord Regional Airport,Gaylord,MI
GED,Sussex County Airport,Georgetown,DE
GCC,Gillette-Campbell County Airport,Gillette,WY
GGW,Wokal FieldGlasgow International Airport,Glasgow,MT
GFL,Floyd Bennett Memorial Airport,Glens Falls,NY
N93,Golovin Airport,Golovin,AK
GLD,Goodland Municipal Airport,Goodland,KS
GYR,Phoenix Goodyear Airport,Goodyear,AZ
GCN,Grand Canyon National Park Airport,Grand Canyon,AZ
GFK,Grand Forks International Airport,Grand Forks,ND
GRI,Central Nebraska Regional Airport,Grand Island,NE
GJT,Walker Field Airport,Grand Junction,CO
GPZ,Grand RapidsItasca County Airport,Grand Rapids,MN
GRR,Gerald R. Ford International Airport,Grand Rapids,MI
GBD,Great Bend Municipal Airport,Great Bend,KS
GTF,Great Falls International Airport,Great Falls,MT
GRB,Austin Straubel International Airport,Green Bay,WI
GSO,Piedmont Triad International Airport,Greensboro,NC
GLH,Mid Delta Regional Airport,Greenville,MS
GSP,Greenville  Spartanburg Airport,Greenville,SC
GYH,Donaldson Center Airport,Greenville,SC
PGV,Pitt-Greenville Airport,Greenville,NC
GON,Groton-New London Airport,Groton (New London),CT
GPT,Gulfport-Biloxi International Airport,Gulfport,MS
GKN,Gulkana Airport,Gulkana,AK
GUC,Gunnison-Crested Butte Regional Airport,Gunnison,CO
GST,Gustavus Airport,Gustavus,AK
HGR,Hagerstown Regional Airport,Hagerstown,MD
SUN,Friedman Memorial Airport,Hailey,ID
HNS,Haines Airport,Haines,AK
HNM,Hana Airport,Hana,HI
CMX,Houghton County Memorial Airport,Hancock,MI
HRL,Valley International Airport,Harlingen,TX
MDT,Harrisburg International Airport,Harrisburg,PA
HRO,Boone County Airport,Harrison,AR
SHD,Shenandoah Valley Regional Airport,Harrisonburg,VA
HFD,Hartford-Brainard Airport,Hartford,CT
PIB,Hattiesburg-Laurel Regional Airport,Hattiesburg  Laurel,MS
HDN,Yampa Valley Regional Airport,Hayden,CO
HYS,Hays Regional Airport,Hays,KS
HLN,Helena Regional Airport,Helena,MT
HIB,Chisholm-Hibbing Airport,Hibbing,MN
HKY,Hickory Regional Airport,Hickory,NC
ITO,Hilo International Airport,Hilo,HI
HXD,Hilton Head Airport,Hilton Head Island,SC
HOB,Lea County Regional Airport,Hobbs,NM
HYL,Hollis Seaplane Base,Hollis,AK
HOM,Homer Airport,Homer,AK
HNL,Honolulu International Airport,Honolulu,HI
HNH,Hoonah Airport,Hoonah,AK
HPB,Hooper Bay Airport,Hooper Bay,AK
HOT,Memorial Field Airport,Hot Springs,AR
EFD,Ellington Field,Houston,TX
HOU,Hobby Airport,Houston,TX
IAH,Bush Intercontinental Airport,Houston,TX
HTS,Tri-State Airport,Huntington,WV
HSV,Huntsville International Airport,Huntsville,AL
HON,Huron Regional Airport,Huron,SD
HLA,Huslia Airport,Huslia,AK
HSL,Huslia Airport,Huslia,AK
HUT,Hutchinson Municipal Airport,Hutchinson,KS
HYA,Barnstable Municipal Airport,Hyannis,MA
IDA,Idaho Falls Regional Airport,Idaho Falls,ID
ILI,Iliamna Airport,Iliamna,AK
IPL,Imperial County Airport,Imperial,CA
IND,Indianapolis International Airport,Indianapolis,IN
MQJ,Mount Comfort Airport,Indianapolis,IN
INL,Falls International Airport,International Falls,MN
IYK,Inyokern Airport,Inyokern,CA
IMT,Iron Mountain Airport,Iron Mountain  Kingsford,MI
IWD,Gogebic-Iron County Airport,Ironwood,MI
CPX,Culebra Airport,Isla De Culebra,PR
VQS,Vieques Airport,Isla De Vieques,PR
ISP,Macarthur Airport,Islip,NY
ITH,Ithaca Tompkins Regional Airport,Ithaca,NY
HKS,Hawkins Field Airport,Jackson,MS
JAC,Jackson Hole Airport,Jackson,WY
JAN,Jackson-Evers International Airport,Jackson,MS
JXN,Jackson County Airport,Jackson,MI
MKL,Mc Kellar-Sipes Regional Airport,Jackson,TN
JAX,Jacksonville International Airport,Jacksonville,FL
OAJ,JacksonvilleAlbert J Ellis Airport,Jacksonville,NC
VQQ,Cecil Field Airport,Jacksonville,FL
JHW,Chautauqua CountyJamestown Airport,Jamestown,NY
JMS,Jamestown Regional Airport,Jamestown,ND
JVL,Southern Wisconsin Regional Airport,Janesville,WI
JEF,Jefferson City Memorial Airport,Jefferson City,MO
JST,Johnstown-Cambria County Airport,Johnstown,PA
JBR,Jonesboro Municipal Airport,Jonesboro,AR
JLN,Joplin Regional Airport,Joplin,MO
JNU,Juneau International Airport,Juneau,AK
OGG,Kahului Airport,Kahului,HI
AIZ,Lee C Fine Memorial Airport,Kaiser Lake Ozark,MO
KAE,Kake Airport,Kake,AK
BTI,Barter Island LRRS Airport,Kaktovik,AK
AZO,KalamazooBattle Creek International Airport,Kalamazoo,MI
GPI,Glacier Park International Airport,Kalispell,MT
KLG,Kalskag Airport,Kalskag,AK
KAL,Kaltag Airport,Kaltag,AK
MUE,Waimea - Kohala Airport,Kamuela,HI
MCI,Kansas City International Airport,Kansas City,MO
MKC,Charles B. Wheeler Downtown Airport,Kansas City,MO
Z09,Kasigluk Airport,Kasigluk,AK
MKK,Molokai Airport,Kaunakakai,HI
KOA,Kona International Airport,Keahole,HI
EAR,Kearney Municipal Airport,Kearney,NE
EEN,KeeneDillant-Hopkins Airport,Keene,NH
ENA,Kenai Municipal Airport,Kenai,AK
ENW,Kenosha Regional Airport,Kenosha,WI
KTN,Ketchikan International Airport,Ketchikan,AK
EYW,Key West International Airport,Key West,FL
IAN,Bob Baker Memorial Airport,Kiana,AK
ILE,Skylark Field,Killeen,TX
KVC,King Cove Airport,King Cove,AK
AKN,King Salmon Airport,King Salmon,AK
IGM,Kingman Airport,Kingman,AZ
ISO,Kinston Regional Jetport,Kinston,NC
IIK,Kipnuk Airport,Kipnuk,AK
IRK,Kirksville Regional Airport,Kirksville,MO
KVL,Kivalina Airport,Kivalina,AK
LMT,Klamath Falls Airport,Klamath Falls,OR
AKW,Klawock Airport,Klawock,AK
TYS,Mcghee Tyson Airport,Knoxville,TN
ADQ,Kodiak Airport,Kodiak,AK
KDK,Kodiak Municipal Airport,Kodiak,AK
T44,Trident Basin Seaplane Base,Kodiak,AK
DUY,Kongiganak Airport,Kongiganak,AK
2A9,Kotlik Airport,Kotlik,AK
OTZ,Ralph Wien Memorial Airport,Kotzebue,AK
KKA,Koyuk Airport,Koyuk,AK
KWT,Kwethluk Airport,Kwethluk,AK
A85,Kwigillingok Airport,Kwigillingok,AK
GGV,Kwigillingok Airport,Kwigillingok,AK
LSE,La Crosse Municipal Airport,La Crosse,WI
LAF,Purdue University Airport,Lafayette,IN
LFT,Lafayette Regional Airport,Lafayette,LA
LCH,Lake Charles Regional Airport,Lake Charles,LA
HII,Lake Havasu City Airport,Lake Havasu City,AZ
LAL,Lakeland Linder Regional Airport,Lakeland,FL
LAA,Lamar Municipal Airport,Lamar,CO
LNY,Lanai Airport,Lanai City,HI
LNS,Lancaster Airport,Lancaster,PA
LAN,Lansing Capital City Airport,Lansing,MI
LAR,Laramie Regional Airport,Laramie,WY
LRD,Laredo International Airport,Laredo,TX
2A3,Larsen Bay Airport,Larsen Bay,AK
LRU,Las Cruces International Airport,Las Cruces,NM
HND,Henderson Executive Airport,Las Vegas,NV
LAS,Mccarran International Airport,Las Vegas,NV
VGT,North Las Vegas Air Terminal,Las Vegas,NV
LBE,Arnold Palmer Regional Airport,Latrobe,PA
LAW,Lawton-Fort Sill Regional Airport,Lawton,OK
LEB,Lebanon Municipal Airport,Lebanon,NH
LWB,Greenbrier Valley Airport,Lewisburg,WV
LWS,Lewiston-Nez Perce County Airport,Lewiston,ID
LEX,Blue Grass Airport,Lexington,KY
LBL,Liberal Municipal Airport,Liberal,KS
LIH,Lihue Airport,Lihue,HI
LNK,Lincoln Airport,Lincoln,NE
LIT,Little Rock National Airport,Little Rock,AR
LGB,Long Beach Airport,Long Beach,CA
GGG,East Texas Regional Airport,Longview,TX
LPR,Lorain County Regional Airport,LorainElyria,OH
LAX,Los Angeles International Airport,Los Angeles,CA
SDF,Louisville International Airport,Louisville,KY
LBB,Lubbock International Airport,Lubbock,TX
LYH,Lynchburg Regional AirportPreston Glenn Field,Lynchburg,VA
MCN,Middle Georgia Regional Airport,Macon,GA
MSN,Dane County Regional Airport,Madison,WI
MMH,Mammoth Yosemite Airport,Mammoth Lakes,CA
MHT,Manchester Airport,Manchester,NH
MHK,Manhattan Regional Airport,Manhattan,KS
MBL,Manistee County-Blacker,Manistee,MI
MKT,Mankato Regional Airport,Mankato,MN
MBA,Manokotak Airport,Manokotak,AK
MFD,Mansfield Lahm Regional Airport,Mansfield,OH
MQI,Dare County Regional Airport,Manteo,NC
MZJ,Pinal Airpark,Marana,AZ
MTH,Florida Keys Marathon Airport,Marathon,FL
MWA,Williamson County Regional Airport,Marion,IL
SAW,Sawyer International Airport,Marquette,MI
3A5,Marshall Don Hunter Sr,Marshall,AK
MDM,Marshall Don Hunter Sr Airport,Marshall,AK
MLL,Marshall Airport,Marshall,AK
MCW,Mason City Municipal Airport,Mason City,IA
MSS,Massena International Airport,Massena,NY
MTO,Coles County Memorial Airport,MattoonCharleston,IL
MAZ,Mayaquez Airport,Mayaguez,PR
MCK,Mc Cook Regional Airport,Mc Cook,NE
MMV,Mc Minnville Municipal Airport,Mc Minnville,OR
MFE,Mcallen-Miller International Airport,Mcallen,TX
MCG,McGrath Airport,McGrath,AK
MFR,Medford Rogue Valley International Airport,Medford,OR
MLB,Melbourne International Airport,Melbourne,FL
MEM,Memphis Airport,Memphis,TN
MNM,Menominee-Marinette Twin County Airport,Menominee,MI
MCE,Merced Municipal Airport,Merced,CA
MEI,Key Field Airport,Meridian,MS
IWA,Williams Gateway Airport,Mesa,AZ
MTM,Metlakatla Airport,Metlakatla,AK
MIA,Miami International Airport,Miami,FL
X44,Miami Airport,Miami,FL
3T7,Middle Bass Island Airport,Middle Bass,OH
MAF,Midland International Airport,Midland,TX
NQA,Millington Regional Jetport,Millington,TN
MIV,Millville Municipal Airport,Millville,NJ
MKE,General Mitchell International Airport,Milwaukee,WI
MSP,MinneapolisSt. Paul International Airport,Minneapolis,MN
MOT,Minot International Airport,Minot,ND
MSO,Missoula International Airport,Missoula,MT
MHE,Mitchell Municipal Airport,Mitchell,SD
CNY,Canyonlands Field,Moab,UT
MOB,Mobile Regional Airport,Mobile,AL
MOD,Modesto City-County Airport,Modesto,CA
MLI,Quad City International Airport,Moline,IL
MLU,Monroe Regional Airport,Monroe,LA
MRY,Monterey Peninsula Airport,Monterey,CA
MGM,Montgomery Regional Airport,Montgomery,AL
MSV,Sullivan County International Airport,Monticello,NY
MTJ,Montrose Regional Airport,Montrose,CO
MGW,Morgantown Municipal Airport,Morgantown,WV
MMU,Morristown Municipal Airport,Morristown,NJ
MVL,Morrisville-Stowe State Airport,Morrisville,VT
MWH,Grant County International Airport,Moses Lake,WA
CWA,Central Wisconsin Airport,Mosinee,WI
MVN,Mount Vernon Airport,Mount Vernon,IL
BPK,Baxter County Regional Airport,Mountain Home,AR
MOU,Mountain Village Airport,Mountain Village,AK
MIE,Delaware County Airport,Muncie,IN
MSL,Northwest Alabama Regional Airport,Muscle Shoals,AL
MKG,Muskegon County Airport,Muskegon,MI
MYR,Myrtle Beach Airport,Myrtle Beach,SC
ACK,Nantucket Memorial Airport,Nantucket,MA
WNA,Napakiak Airport,Napakiak,AK
APF,Naples Municipal Airport,Naples,FL
BNA,Nashville International Airport,Nashville,TN
EWB,New Bedford Regional Airport,New Bedford,MA
EWN,Craven County Regional Airport,New Bern,NC
HVN,Tweed New Haven Regional Airport,New Haven,CT
MSY,New Orleans International Airport,New Orleans,LA
NEW,Lakefront Airport,New Orleans,LA
JFK,John F. Kennedy International Airport,New York,NY
JRB,Downtown Manhattan Heliport,New York,NY
LGA,La Guardia Airport,New York,NY
EWR,Newark Liberty International Airport,Newark,NJ
SWF,Stewart International Airport,Newburgh,NY
EFK,Newport State Airport,Newport,VT
ONP,Newport Municipal Airport,Newport,OR
UUU,Newport State Airport,Newport,RI
PHF,Newport NewsWilliamsburg International Airport,Newport News,VA
EWU,Newtok Airport,Newtok,AK
WTK,Noatak Airport,Noatak,AK
OME,Nome Airport,Nome,AK
D76,Robert (Bob) Curtis Memorial Airport,Noorvik,AK
ORV,Robert (Bob) Curtis Memorial Airport,Noorvik,AK
OFK,Karl Stefan Memorial Airport,Norfolk,NE
ORF,Norfolk International Airport,Norfolk,VA
OTH,North Bend Municipal Airport,North Bend,OR
CAK,Akron-Canton Airport,North Canton,OH
OQU,Quonset State Airport,North Kingstown,RI
LBF,North Platte Regional Airport Lee Bird Field,North Platte,NE
AQT,Nuiqsut Airport,Nuiqsut,AK
NUL,Nulato Airport,Nulato,AK
16A,Nunapitchuk Airport,Nunapitchuk,AK
OAK,Oakland International Airport,Oakland,CA
OCF,Ocala International Airport,Ocala,FL
Z08,Ofu Airport,Ofu Village,AS
OGD,Ogden-Hinckley Airport,Ogden,UT
OGS,Ogdensburg International Airport,Ogdensburg,NY
OKC,Will Rogers World Airport,Oklahoma City,OK
IXD,OlatheNew Century Aircenter Airport,Olathe,KS
6R7,Old Harbor Airport,Old Harbor,AK
OLM,Olympia Airport,Olympia,WA
OMA,Eppley Airfield,Omaha,NE
ONT,Ontario International Airport,Ontario,CA
SNA,John Wayne Airport,Orange County,CA
MCO,Orlando International Airport,Orlando,FL
OSH,Wittman Regional Airport,Oshkosh,WI
OTM,Ottumwa Industrial Airport,Ottumwa,IA
OWB,Owensboro-Daviess County Airport,Owensboro,KY
OXC,Waterbury-Oxford Airport,Oxford,CT
UOX,University-Oxford Airport,Oxford,MS
OXR,Oxnard Airport,Oxnard,CA
PAH,Paducah Barkley Regional Airport,Paducah,KY
PGA,Page Municipal Airport,Page,AZ
PPG,Pago Pago International Airport,Pago Pago,AS
PSP,Palm Springs International Airport,Palm Springs,CA
PMD,Palmdale Regional Airport,Palmdale,CA
PFN,Panama City-Bay County International Airport,Panama City,FL
PKB,Mid-Ohio Valley Regional Airport,Parkersburg,WV
PQL,Trent Lott International Airport,Pascagoula,MS
PSC,Tri-Cities Airport,Pasco,WA
PRB,Paso Robles Municipal Airport,Paso Robles,CA
SFZ,North Central State Airport,Pawtucket,RI
1G4,Grand Canyon West Airport,Peach Springs,AZ
PLN,Pellston Regional Airport,Pellston,MI
PDT,Eastern Oregon Regional Airport At Pendleton,Pendleton,OR
PNS,Pensacola Regional Airport,Pensacola,FL
PIA,Peoria Regional Airport,Peoria,IL
PSG,Petersburg Airport,Petersburg,AK
PHL,Philadelphia International Airport,Philadelphia,PA
DVT,Deer Valley Municipal Airport,Phoenix,AZ
PHX,Phoenix Sky Harbor International Airport,Phoenix,AZ
PIR,Pierre Regional Airport,Pierre,SD
0AK,Pilot Station Airport,Pilot Station,AK
SOP,Moore County Airport,PinehurstSouthern Pines,NC
AGC,Allegheny County Airport,Pittsburgh,PA
PIT,Pittsburgh International Airport,Pittsburgh,PA
PLB,Clinton County Airport,Plattsburgh,NY
PIH,Pocatello Regional Airport,Pocatello,ID
PHO,Point Hope Airport,Point Hope,AK
PLK,M Graham Clark - Taney County Airport,Point Lookout,MO
PNC,Ponca City Regional Airport,Ponca City,OK
PSE,Mercedita Airport,Ponce,PR
PTK,Oakland County International Airport,Pontiac,MI
CLM,William R Fairchild International Airport,Port Angeles,WA
PCW,Carl R Keller Field,Port Clinton,OH
PGM,Port Graham Airport,Port Graham,AK
PTH,Port Heiden Airport,Port Heiden,AK
ORI,Port Lions Airport,Port Lions,AK
PDX,Portland International Airport,Portland,OR
PWM,Portland International Jetport,Portland,ME
PSM,Pease International Airport,Portsmouth,NH
POU,Dutchess County Airport,Poughkeepsie,NY
PRC,Ernest A. Love Field Airport,Prescott,AZ
PQI,Northern Maine Regional Airport,Presque Isle,ME
PPC,Prospect Creek Airport,Prospect Creek,AK
PVD,T.F. Green Airport,Providence,RI
PVC,Provincetown Municipal Airport,Provincetown,MA
PVU,Provo Municipal Airport,Provo,UT
PUB,Pueblo Memorial Airport,Pueblo,CO
PUW,Pullman Moscow Regional Airport, Pullman Moscow-ID,WA
PGD,Charlotte County Airport,Punta Gorda,FL
3W2,Put - in - Bay Airport,Put - in - Bay,OH
UIN,Quincy Regional Airport - Baldwin Field,Quincy,IL
AQH,Quinhagak Airport,Quinhagak,AK
RAP,Rapid City Regional Airport,Rapid City,SD
RDU,Raleigh-Durham International Airport,Rdu Airport,NC
RDG,Reading Regional Airport,Reading,PA
RDD,Redding Municipal Airport,Redding,CA
RDM,Roberts Field,Redmond,OR
RNO,Reno-Tahoe International Airport,Reno,NV
RHI,Rhinelander-Oneida County Airport,Rhinelander,WI
RIC,Richmond International Airport,Richmond,VA
RIW,Riverton Regional Airport,Riverton,WY
ROA,Roanoke Regional Airport,Roanoke,VA
ROC,Greater Rochester International Airport,Rochester,NY
RST,Rochester International Airport,Rochester,MN
RKS,Rock Springs-Sweetwater County Airport,Rock Springs,WY
RFD,Greater Rockford Airport,Rockford,IL
RKD,Knox County Regional Airport,Rockland,ME
RWI,Rocky Mount-Wilson Regional Airport,Rocky Mount,NC
RME,Griffiss Airpark,Rome,NY
RMG,Richard B Russell Airport,Rome,GA
ROW,Roswell Industrial Air Center Airport,Roswell,NM
GRO,Rota International Airport,Rota Island,CQ
SRR,Sierra Blanca Regional Airport,Ruidoso,NM
RSH,Russian Mission Airport,Russian Mission,AK
RUT,Rutland State Airport,Rutland,VT
MCC,Mc Clellan Airfield,Sacramento,CA
SMF,Sacramento International Airport,Sacramento,CA
MBS,Saginaw International Airport,Saginaw,MI
STL,Lambert-St. Louis International Airport,Saint Louis,MO
PIE,St. Petersburg-Clearwater International Airport,Saint Petersburg,FL
GSN,Saipan International Airport,Saipan Island,CQ
SLE,Salem Municipal Airport - McNary Field,Salem,OR
SLN,Salina Municipal Airport,Salina,KS
SBY,Salisbury-Ocean City Wicomico Regional Airport,Salisbury,MD
SLC,Salt Lake City International Airport,Salt Lake City,UT
SJT,San Angelo Regional AirportMathis Field,San Angelo,TX
SAT,San Antonio International Airport,San Antonio,TX
SBD,San Bernardino International Airport,San Bernardino,CA
SAN,San Diego International Airport,San Diego,CA
SFO,San Francisco International Airport,San Francisco,CA
SJC,San Jose International Airport,San Jose,CA
SIG,Fernando Luis Ribas Dominicci Airport,San Juan,PR
SJU,Luis Munoz Marin International Airport,San Juan,PR
SBP,San Luis County Regional Airport,San Luis Obispo,CA
MDY,Henderson Field Airport,Sand Island,MQ
SDP,Sand Point Airport,Sand Point,AK
SFB,Orlando Sanford International Airport,Sanford,FL
SBA,Santa Barbara Airport,Santa Barbara,CA
SAF,Santa Fe Municipal Airport,Santa Fe,NM
SMX,Santa Maria Public Airport,Santa Maria,CA
STS,Sonoma County Airport,Santa Rosa,CA
SLK,Adirondack Regional Airport,Saranac Lake,NY
SRQ,Sarasota-Bradenton International Airport,Sarasota,FL
CIU,Chippewa County International Airport,Sault Ste Marie,MI
SAV,SavannahHilton Head International Airport,Savannah,GA
SVA,Savoonga Airport,Savoonga,AK
SCM,Scammon Bay Airport,Scammon Bay,AK
BFF,Western Nebraska Regional Airport,Scottsbluff,NE
BFI,Boeing FieldKing County International Airport,Seattle,WA
SEA,SeattleTacoma International Airport,Seattle,WA
WLK,Selawik Airport,Selawik,AK
SOV,Seldovia Airport,Seldovia,AK
SHR,Sheridan County Airport,Sheridan,WY
SHH,Shishmaref Airport,Shishmaref,AK
SOW,Show Low Regional Airport,Show Low,AZ
SHV,Shreveport Regional Airport,Shreveport,LA
SHG,Shungnak Airport,Shungnak,AK
SDY,Sidney-Richland Municipal Airport,Sidney,MT
SVC,Grant County Airport,Silver City,NM
SUX,Sioux Gateway Airport,Sioux City,IA
FSD,Sioux Falls Regional Airport,Sioux Falls,SD
SIT,Sitka Rocky Gutierrez Airport,Sitka,AK
SGY,Skagway Airport,Skagway,AK
MQY,Smyrna Airport,Smyrna,TN
SBN,South Bend Regional Airport,South Bend,IN
BTV,Burlington International Airport,South Burlington,VT
TVL,Lake Tahoe Airport,South Lake Tahoe,CA
GEG,Spokane International Airport,Spokane,WA
SGF,Springfield Branson Regional Airport,Springfield,MO
SGH,Springfield-Beckley Municipal Airport,Springfield,OH
SPI,Abraham Lincoln Capital Airport,Springfield,IL
CEF,Westover Metropolitan Airport,SpringfieldChicopee,MA
SGJ,St Augustine Airport,St Augustine,FL
STC,St Cloud Regional Airport,St Cloud,MN
SGU,St George Municipal Airport,St George,UT
STJ,Rosecrans Memorial Airport,St Joseph,MO
SUS,Spirit Of St Louis Airport,St Louis,MO
KSM,St Marys Airport,St Marys,AK
STP,St Paul Downtown Airport  Holman Field,St Paul,MN
SNP,Saint Paul Island Airport,St Paul Island,AK
UNV,University Park Airport,State College,PA
WBB,Stebbins Airport,Stebbins,AK
SQI,Whiteside County Airport,SterlingRockfalls,IL
SWO,Stillwater Regional Airport,Stillwater,OK
SCK,Stockton Metropolitan Airport,Stockton,CA
SYR,Syracuse Hancock International Airport,Syracuse,NY
ASN,Talladega Municipal Airport,Talladega,AL
TLH,Tallahassee Regional Airport,Tallahassee,FL
TVR,Vicksburg Tallulah Regional Airport,TallulahVicksburg Mississippi,LA
TPA,Tampa International Airport,Tampa,FL
TAL,Ralph M Calhoun Memorial Airport,Tanana,AK
SKX,Taos Regional Airport,Taos,NM
TEX,Telluride Regional Airport,Telluride,CO
TPL,Draughon-Miller Central Texas Regional Airport,Temple,TX
HUF,Terre Haute International Airport,Terre Haute,IN
TEB,Teterboro Airport,Teterboro,NJ
TXK,Texarkana Regional Airport,Texarkana,AR
TVF,Thief River Falls Regional Airport,Thief River Falls,MN
KTB,Thorne Bay Airport,Thorne Bay,AK
TNI,Tinian International Airport,Tinian Island,CQ
TIX,Space Coast Regional Airport,Titusville,FL
TOG,Togiak Airport,Togiak Village,AK
OOK,Toksook Bay Airport,Toksook Bay,AK
TOL,Toledo Express Airport,Toledo,OH
MJX,Robert J. Miller Air Park,Toms River,NJ
FOE,Forbes Field Airport,Topeka,KS
TVC,Cherry Capital Airport,Traverse City,MI
TTN,Trenton Mercer Airport,Trenton,NJ
TUS,Tucson International Airport,Tucson,AZ
TUL,Tulsa International Airport,Tulsa,OK
TLT,Tuluksak Airport,Tuluksak,AK
A61,Tuntutuliak Airport,Tuntutuliak,AK
TUP,Tupelo Regional Airport,Tupelo,MS
TCL,Tuscaloosa Regional Airport,Tuscaloosa,AL
TWF,Magic Valley Regional Airport,Twin Falls,ID
TYR,Tyler Pounds Regional Airport,Tyler,TX
UNK,Unalakleet Airport,Unalakleet,AK
DUT,Unalaska Airport,Unalaska,AK
UCA,Oneida County Airport,Utica,NY
VDZ,Valdez Pioneer Field,Valdez,AK
VLD,Valdosta Regional Airport,Valdosta,GA
VPS,Fort Walton Beach Airport,Valparaiso,FL
VPZ,Porter County Municipal Airport,Valparaiso,IN
VRB,Vero Beach Municipal Airport,Vero Beach,FL
VCT,Victoria Regional Airport,Victoria,TX
VCV,Southern California Logistics Airport,Victorville,CA
MVY,Marthas Vineyard Airport,Vineyard Haven,MA
VIS,Visalia Municipal Airport,Visalia,CA
ACT,Waco Regional Airport,Waco,TX
AWI,Wainwright Airport,Wainwright,AK
ALW,Walla Walla Regional Airport,Walla Walla,WA
DCA,Ronald Reagan Washington National Airport,Washington,DC
IAD,Washington Dulles International Airport,Washington,DC
ALO,Waterloo Regional Airport,Waterloo,IA
ART,Watertown International Airport,Watertown,NY
ATY,Watertown Municipal Airport,Watertown,SD
EAT,Pangborn Memorial Airport,Wenatchee,WA
PBI,Palm Beach International Airport,West Palm Beach,FL
WYS,West Yellowstone Airport,West Yellowstone,MT
WST,Westerly State Airport,Westerly,RI
BAF,Barnes Municipal Airport,WestfieldSpringfield,MA
HPN,Westchester County Airport,White Plains,NY
ICT,Wichita Mid-Continent Airport,Wichita,KS
SPS,Wichita Falls Municipal Airport,Wichita Falls,TX
WWD,Cape May County Airport,Wildwood,NJ
IPT,Williamsport Regional Airport,Williamsport,PA
ISN,Sloulin Field International Airport,Williston,ND
ILL,Willmar Municipal Airport,Willmar,MN
ILG,New Castle Airport,Wilmington,DE
ILM,Wilmington International Airport,Wilmington,NC
BDL,Bradley International Airport,Windsor Locks,CT
INT,Smith Reynolds Airport,Winston Salem,NC
ORH,Worcester Regional Airport,Worcester,MA
WRL,Worland Municipal Airport,Worland,WY
OTG,Worthington Municipal Airport,Worthington,MN
WRG,Wrangell Airport,Wrangell,AK
YKM,Yakima Air TerminalMcallister Field,Yakima,WA
YAK,Yakutat Airport,Yakutat,AK
YKN,Chan Gurney Municipal Airport,Yankton,SD
YNG,Youngstown Regional Airport,Youngstown,OH
YUM,Yuma International Airport,Yuma,AZ
FCA,Glacier Park International Airport,Kalispell,MT
CLD,McClellan–Palomar Airport,Carlsbad,CA
